{"cameraMode":{"drawMode":0,"name":"Shaded","section":"Shading Mode"},"sceneLighting":true,"audioPlay":false,"sceneViewState":{"m_AlwaysRefresh":false,"showFog":true,"showSkybox":false,"showFlares":true,"showImageEffects":true,"showParticleSystems":true,"showVisualEffectGraphs":true,"m_FxEnabled":true},"in2DMode":false,"pivot":{"x":-0.3846028745174408,"y":0.2817573845386505,"z":1.1180014610290528},"rotation":{"x":0.05297178030014038,"y":-0.6008710265159607,"z":0.03645937517285347,"w":0.7984209060668945},"size":1.2298285961151124,"orthographic":false}