{"cameraMode":{"drawMode":0,"name":"Shaded","section":"Shading Mode"},"sceneLighting":true,"audioPlay":false,"sceneViewState":{"m_AlwaysRefresh":false,"showFog":true,"showSkybox":true,"showFlares":true,"showImageEffects":true,"showParticleSystems":true,"showVisualEffectGraphs":true,"m_FxEnabled":true},"in2DMode":false,"pivot":{"x":0.5021626949310303,"y":3.114499807357788,"z":-0.09403300285339356},"rotation":{"x":-0.012173580005764962,"y":-0.8231374025344849,"z":0.025927364826202394,"w":-0.569779634475708},"size":2.1219096183776857,"orthographic":false}