{"cameraMode":{"drawMode":0,"name":"Shaded","section":"Shading Mode"},"sceneLighting":true,"audioPlay":false,"sceneViewState":{"m_AlwaysRefresh":false,"showFog":true,"showSkybox":false,"showFlares":true,"showImageEffects":true,"showParticleSystems":true,"showVisualEffectGraphs":true,"m_FxEnabled":true},"in2DMode":false,"pivot":{"x":-0.3105398416519165,"y":0.13543778657913209,"z":1.2506756782531739},"rotation":{"x":0.14367426931858064,"y":-0.6101951003074646,"z":0.11019047349691391,"w":0.7730053663253784},"size":0.9058939218521118,"orthographic":false}