{"cameraMode":{"drawMode":0,"name":"Shaded","section":"Shading Mode"},"sceneLighting":true,"audioPlay":false,"sceneViewState":{"m_AlwaysRefresh":false,"showFog":true,"showSkybox":false,"showFlares":true,"showImageEffects":true,"showParticleSystems":true,"showVisualEffectGraphs":true,"m_FxEnabled":true},"in2DMode":false,"pivot":{"x":-2.0848677158355715,"y":-0.18233254551887513,"z":2.244319200515747},"rotation":{"x":0.06951743364334107,"y":-0.4973732829093933,"z":0.03684277459979057,"w":0.8654988408088684},"size":2.0733370780944826,"orthographic":false}