{"cameraMode":{"drawMode":0,"name":"Shaded","section":"Shading Mode"},"sceneLighting":false,"audioPlay":false,"sceneViewState":{"m_AlwaysRefresh":false,"showFog":true,"showSkybox":false,"showFlares":true,"showImageEffects":true,"showParticleSystems":true,"showVisualEffectGraphs":true,"m_FxEnabled":true},"in2DMode":false,"pivot":{"x":0.036248743534088138,"y":0.6828076839447022,"z":-5.960464477539063e-8},"rotation":{"x":-0.060860518366098407,"y":-0.8071179986000061,"z":0.09289517253637314,"w":-0.5824421644210815},"size":1.8288826942443848,"orthographic":false}