{"cameraMode":{"drawMode":0,"name":"Shaded","section":"Shading Mode"},"sceneLighting":false,"audioPlay":false,"sceneViewState":{"m_AlwaysRefresh":false,"showFog":true,"showSkybox":false,"showFlares":true,"showImageEffects":true,"showParticleSystems":true,"showVisualEffectGraphs":true,"m_FxEnabled":true},"in2DMode":false,"pivot":{"x":-0.09326913952827454,"y":0.28337419033050539,"z":0.07215157151222229},"rotation":{"x":-0.060860518366098407,"y":-0.8071179986000061,"z":0.09289517253637314,"w":-0.5824421644210815},"size":0.8081964254379273,"orthographic":false}